rId,title,genres
0,웹,웹 프론트엔드와 백엔드에 대한 로드맵
1,웹,웹은 어떻게 시작해야될까요?
2,웹,"웹 개발 공부, 어디부터 시작하는게 좋을까?"
3,웹,웹퍼블리셔에게 필요한 기술들
4,웹,백엔드에는 무엇이 있을까
5,웹,풀스택 개발자에게 필요한 기술들은?
6,웹,웹퍼블리셔 공부를 시작하며
7,웹,프론트엔드를 본격적으로 파해친다
8,웹,프론트엔드&백엔드 개발자에게 필요한 기술들은?
9,웹,프론트엔드 개발자가 되자
10,웹,웹 프론트엔드가 되려면 무엇을 공부해야될까
11,웹,프론트 개발에 필요한 기술과 로드맵
12,웹,백엔드에 대해서 알아보자!
13,웹,퍼블리셔라고 불리고 싶은자
14,웹,웹 개발에 대해 알고 공부하자
15,웹,DevDps Roadmap
16,웹,DevDps Roadmap guide
17,웹,프론트엔드와 백엔드 - 지금도 개발중
18,웹,초심자를 위한 웹 풀스택 학습 로드맵
19,웹,데브옵스 공부
20,웹,웹에 대해서 공부
21,웹,웹 공부하는 모임회
22,웹,데브옵스 엔지니어가 되려면
23,웹,백엔드 가이드
24,웹,웹 공부의 첫걸음
25,웹,웹 퍼블 공부 방법 및 추천 도서
26,웹,풀스택 주니어 웹 개발자가 되려면?
27,웹,프론트개발자에 대해서 - 개발하자
28,웹,현실에 꿈을 선물하는 개발자
29,웹,웹 프론트엔드는 3가지만 알면된다!!
30,웹,백엔드 스펙 쌓자
31,웹,높은 연봉 받는 프론트엔드 개발자 되기
32,웹,Web과 함께 시작하기
33,웹,DevDps start GOGO
34,웹,쉬운 프레임워크로 개발
35,웹,웹 개발에 대한 실용적인 접근 방식
36,웹,웹 퍼블리셔에서 개발자로
37,웹,웹을 공부하는 나만의 방법
38,웹,데브옵스 엔지니어가 되려면
39,웹,데브옵스 엔지니어가 되려면 클릭!
40,웹,웹 퍼블리셔 모임
41,웹,프론트엔드는 3가지만 알면된다.
42,웹,데브옵스 공부의 시작
43,웹,별건 아니고 퍼블리셔 공부한 이야기
44,웹,웹 백엔드 개발자 - 공부해야할 언어와 프로그램들
45,웹,"백엔드, 프론트엔드 로드맵 - 개발자의 프로그래밍"
46,웹,백엔드 개발자로 가는 발자국들
47,웹,"퍼블리셔, 프론트엔드개발을 시작하다"
48,웹,프론트엔드 개발자를 꿈꾼다면 들어와라
49,웹,웹 개발자의 이야기
50,응용프로그램개발,무엇을 공부해야할까요
51,응용프로그램개발,모바일 개발자에 대해 알아봅시다
52,응용프로그램개발,모바일관련 학습 로드맵
53,응용프로그램개발,Android 가이드
54,응용프로그램개발,안드로이드 공부 순서
55,응용프로그램개발,우리가 들고 다니는 스마트폰에 대해 공부하자
56,응용프로그램개발,아직도 안드로이드 앱 공부 안했어?
57,응용프로그램개발,안드로이드 프로그래밍 - 학습 로드맵
58,응용프로그램개발,안드로이드 앱개발 독학 순서
59,응용프로그램개발,탁월한 개발자 공부방법
60,응용프로그램개발,iOS 앱 개발 공부하기
61,응용프로그램개발,[개발공부] SWIFT 시작하기
62,응용프로그램개발,iOS 앱 공부하기
63,응용프로그램개발,안드로이드 서비스 만들 수 있어요
64,응용프로그램개발,역시 안드로이드가 짱이지
65,응용프로그램개발,안드로이드 API 가이드
66,응용프로그램개발,안드로이드 개발자 되고싶어
67,응용프로그램개발,Android 로드맵
68,응용프로그램개발,안드로이드 공부 방향
69,응용프로그램개발,야 너도 할 수 있어!!
70,응용프로그램개발,앱 개발 공부 뭘하면 되나?
71,응용프로그램개발,모바일 프로그래머가 되려면 무엇을 준비해야 될까요
72,응용프로그램개발,"코딩 배워서 앱, 웹 만들고 싶으신가요?"
73,응용프로그램개발,현직에서는 무엇을 사용하나
74,응용프로그램개발,하이브리드 공부시작
75,응용프로그램개발,"웹,앱&어플 프로그래밍 공부 순서"
76,응용프로그램개발,아직도 고민하는 분들
77,응용프로그램개발,모바일 iOS에 대해 궁금하다면 들어오세요.
78,응용프로그램개발,일단 눌러보고 가
79,응용프로그램개발,안드로이드 앱 공부 시작
80,응용프로그램개발,앱 개발자가 되기 위해 알아야할 것들
81,응용프로그램개발,경험과 지식이 전부다
82,응용프로그램개발,안드로이드는 무엇을 공부해야할까요
83,응용프로그램개발,iOS 개발자에 대해 알아봅시다
84,응용프로그램개발,애플폰에 대해 공부하자
85,응용프로그램개발,모바일 iOS에 대해
86,응용프로그램개발,안드로이드 공부를 시작하는 방법 / 안드로이드 입문
87,응용프로그램개발,Android study start
88,응용프로그램개발,개발자 성장기
89,응용프로그램개발,스마트폰 앱 공부해보고 싶다
90,응용프로그램개발,스마트폰 파헤친다
91,응용프로그램개발,프로그래밍 도전기
92,응용프로그램개발,안드로이드 어플리케이션 만들기
93,응용프로그램개발,안드로이드 어플 개발자로 살아본 후기
94,응용프로그램개발,JAVA로 안드로이드 시작
95,응용프로그램개발,"어플리케이션, 나도 만들 수 있다!"
96,응용프로그램개발,애플 iOS 로드맵
97,응용프로그램개발,독학으로 ios 앱개발 프리랜서
98,응용프로그램개발,안드로이드 시작의 길
99,응용프로그램개발,Android 가이드 같이해보자
100,응용프로그램개발,안드로이드 개발자에게 필요한 기술
101,서버,시스템에 대해 알고 가자
102,서버,서버 프로그래머가 되려고 한다면
103,서버,야 너도 서버 관리자 될 수 있어
104,서버,서버 공부해야될것
105,서버,서버와 클라이언트 이해하기
106,서버,게임업계 직업 중 하나인 서버프로그래머
107,서버,개발 공부법 | 주니어 개발자가 공부하는 방법
108,서버,무슨 서버를 개발해볼까
109,서버,"개발 공부, 용어 이해부터 시작해야 한다"
110,서버,AWS+DevOps를 활용한 클라우드 서버 구축
111,서버,어플리케이션 서버를 개발하고 싶다면
112,서버,클라우드로 서버 시작
113,서버,AWS 공부 가이드
114,서버,서버 공부 알려줄게
115,서버,개발자가 되기 위해 공부해야 하는 기술
116,서버,서버 개발자로 가는 한걸음
117,서버,어디 한 번 서버 공부
118,서버,서버 공부방법
119,서버,요즘 클라우드가 인기가 많다던데?
120,서버,나만 따라와 도와줄게
121,서버,서버 공부를 하려고 합니다
122,서버,웹 서버 가이드
123,서버,서버를 어떻게 공부해야 될까요
124,서버,시스템 엔지니어의 지식과 기술
125,서버,개발자가 공부로 살아남는 방법
126,서버,리눅스 서버 공부
127,서버,공부 순서 정리해드립니다.
128,서버,뭐부터 공부해야 될지 모르겠지? 내가 알려줄게
129,서버,처음은 윈도우로 시작
130,서버,서버 공부 로드맵
131,서버,서버 개발자가 되기 위한 개발트리
132,서버,서버 공부 및 구축
133,서버,서버 프로그래머가 되려고 한다면
134,서버,서버 공부하고 싶으신 분들
135,서버,코딩하는 오징어
136,서버,자바 백엔드 개발자 시작하기
137,서버,윈도우 운영체제 공부하자
138,서버,서버 개발자가 되기까지의 여정
139,서버,얼랭서버 공부 시작하기
140,서버,AWS를 활용한 클라우드 서버
141,서버,리눅스서버공부
142,서버,개발자가 공부로 살아남는 방법
143,서버,서버 개발자 되기
144,서버,신입 서버 개발자가 되기까지의 여정
145,서버,울타리 위에 있다
146,서버,AWS 로드맵
147,서버,나만의 서버 공부 커리큘럼 짜기
148,서버,웹 어플리케이션 서버 공부
149,서버,시스템 엔지니어 한걸음 
150,서버,서버 엔지니어 가이드
151,서버,서버 관리 경험들
152,네트워크,네트워크 공부합시다
153,네트워크,네트워크에 대한 네트워크 기본 개념!
154,네트워크,네트워크 개발자로 가는 길
155,네트워크,네트워크 공부는 어떻게 해야하나요??
156,네트워크,네트워크 자격증로 공부하기
157,네트워크,네트워크 공부순서
158,네트워크,네트워크 엔지니어에 관하여 알아보자
159,네트워크,네트워크 시행착오 후 가이드
160,네트워크,네트워크의 기초부터 탄탄하게
161,네트워크,손으로 익히며 배우는 네트워크 첫걸음
162,네트워크,네트워크 기초 탄탄
163,네트워크,네트워크 지식과 기술력 향상
164,네트워크,네트워크공부 엔지니어 취업 준비하자
165,네트워크,네트워크 개발자의 꿈
166,네트워크,네트워크는 TCP/IP부터 시작
167,네트워크,네트워크 관련 공부 무엇을 봐야 하나
168,네트워크,네트워크와 서버는 가이드
169,네트워크,네트워크 로드맵
170,네트워크,네트워크 기초부터 탄탄하게
171,네트워크,네트워크 전문가가 되기 위해 알아야 할 것들
172,네트워크,전문적인 통신 기술을 가장 빠르고 쉽게 배우는 법
173,네트워크,네트워크 시스템 개발자의 지식
174,네트워크,4차 산업혁명과 함께하는 네트워크
175,네트워크,대기업 같이 가자 너도 갈 수 있어
176,네트워크,네트워크를 공부하면서 시행착오를 겪으면서 깨달은 순서
177,네트워크,현직에서 뛰는 직장인의 경험담
178,네트워크,전공지식의 필요성
179,네트워크,네트워크쪽으로 공부하고 싶으신 분들을 위해
180,네트워크,로드맵으로 배우는 네트워크
181,네트워크,네트워크 보안 관련 공부를 하려면 어디서부터 접근해야 할까요
182,네트워크,모두의 네트워크
183,네트워크,공부가 삶이 되고 삶이 공부가 되는
184,네트워크,네트워크 공부 계획
185,네트워크,자연스럽게 네트워크 공부를 하다
186,네트워크,네트워크 공부 가이드
187,네트워크,네트워크 인프라 및 네트워크망 공부
188,네트워크,AWS 클라우드 관련 학습
189,네트워크,네트워크를 공부하는 시간
190,네트워크,네트워크 어떻게 공부할까요?
191,네트워크,네트워크 공부 추천
192,네트워크,네트워크 공부하기 좋은 로드맵
193,네트워크,네트워크 로드맵 따라하기
194,네트워크,순서대로 공부해봅시다
195,네트워크,네트워크 프로그래밍 로드맵
196,네트워크,네트워크 공부가 답이다
197,네트워크,네트워크 입문자들
198,네트워크,AWS 클라우드 관련 가이드
199,네트워크,네트워크 로드맵 가이드
200,네트워크,네트워크킹 공부
201,네트워크,시스템분야의 동향
202,네트워크,네트워크&서버 공부
203,보안,정보보안전문가 커리큘럼
204,보안,취약점 분석과 컴퓨터해킹 보안 공부
205,보안,해커의 로드맵
206,보안,보안 공부 가이드
207,보안,정보보안 커리큘럼
208,보안,"해킹 및 정보보안 공부 방법, 공부 순서 정리"
209,보안,보안 컨설턴트 로드맵
210,보안,해커가 되기 위해 필요한 공부
211,보안,보안 솔루션 전문가 필요 지식
212,보안,보안 공부 방법론
213,보안,사이버 가디언즈
214,보안,보안 공부 해보자
215,보안,해킹 & 보안 공부 가이드
216,보안,정보보안 어떻게 공부해야할까?
217,보안,보안공부를 처음 하시는 분들을 위한 조언
218,보안,화이트해커가 되기까지 커리큘럼
219,보안,정보보안전문가 공부 로드맵
220,보안,나의 로드맵 - 보안
221,보안,"보안 공부, 앞으로 어떻게 할 것인가?"
222,보안,해킹 기초 공부 순서 - NO.1 화이트 해커를 위해!
223,보안,보안의 기본은 프로그래밍 언어부터
224,보안,정보보안 전문가가 되기 위해서 필요한 기술들
225,보안,기초적인 공부는 무엇으로 해야할지
226,보안,해커가 되기위한 공부 로드맵
227,보안,정보보안 전문가 공부 방법론
228,보안,시스템 해킹공부를 위한 안내서
229,보안,보안 관련 학습 로드맵
230,보안,컴퓨터 보안 진로
231,보안,파이썬 공부 및 보안 공부하기
232,보안,"해커 되는 법, 해커 되는 방법, 해킹 공부 순서, 해킹 독학 순서 ..."
233,보안,사이버 보안 공부
234,보안,"해킹,보안 공부 가이드"
235,보안,해커의 로드맵
236,보안,"개발,보안쪽 학습및 진로 로드맵"
237,보안,보안 공부하는 꼬깔이
238,보안,시스템 보안에 대해 시스템 해킹 공부 가이드라인
239,보안,보안전문가를 꿈꾸는 이를 위한
240,보안,보안 개발자 공부 계획
241,보안,정보보안전문가 공부방법 HOW?
242,보안,해킹 기초는 C언어? 해킹 공부하는 순서
243,보안,보안 공부방법에 대한 가이드
244,보안,해커들의 놀이터
245,보안,"시스템보안, 시스템 해킹공부를 위한 안내서"
246,보안,보안전문가가 되기 위한 나만의 로드맵
247,보안,"보안전문가 로드맵, 보안을 공부하기 위한 로드맵"
248,보안,보안 공부에 도움이 되는 자료들
249,보안,시스템 해킹&네트워크 보안
250,보안,인공지능 전문가가 되기 위한 학습 로드맵
251,보안,정보보안 공부 따라해보기
252,보안,"인공지능(딥러닝, 머신러닝) 공부 방법"
253,보안,pytorch와 함께하는 딥러닝 공부 방법
254,인공지능,인공지능 공부의 여정
255,인공지능,딥러닝 공부 방법
256,인공지능,인공지능/빅데이터/5G/클아우드 공부
257,인공지능,데이터 사이언티스트가 되기 위해 진행한 다양한 노력들
258,인공지능,인공지능(AI)으로 똑똑하게 공부하는 방법
259,인공지능,인공 지능 관련 공부를 하고 싶은데 어디서부터 시작해야될지
260,인공지능,AI 공부 지침서
261,인공지능,4차산업 혁명시대 
262,인공지능,AI 개발자가 되기 위해서는 어떤 공부가 필요하나요?
263,인공지능,[인공지능] 공부 여정
264,인공지능,인공지능 공부 순서 & 방법
265,인공지능,데이터 사이언스를 공부하는 방법에 대한 가이드
266,인공지능,데이터사이언스 공부 진행
267,인공지능,AI 개발자들
268,인공지능,입문자를 위한 인공지능 가이드
269,인공지능,인공지능에 대해서 알아보기
270,인공지능,머신러닝을 위한 가이드
271,인공지능,데이터 사이언스의 학습 로드맵
272,인공지능,인공지능 시대의 진로 및 공부 로드맵
273,인공지능,데이터 사이언스를 공부하는 방법에 대한 짧은 가이드
274,인공지능,"[머신러닝, 인공지능] 공부하기 좋은 로드맵"
275,인공지능,AI 가이드
276,인공지능,인공지능 시대의 진로 및 공부 로드맵
277,인공지능,머신러닝/딥러닝 정리
278,인공지능,[똑똑한 AI 만드는 언어의 세계]
279,인공지능,인공지능 공부하고 싶으신 분들
280,인공지능,AI 개발자가 되기 위해서는
281,인공지능,인공지능 공부 끝
282,인공지능,데이터사이언스에 대한 공부법
283,인공지능,인공지능 가이드
284,인공지능,데이터사이언스 커리큘럼
285,인공지능,[알고리즘] 코딩 테스트 공부 방법
286,인공지능,"머신러닝 공부 순서, 방법 및 정리"
287,인공지능,데이터 사이언스 커리큘럼
288,인공지능,인공지능 머신러닝 기계학습 공부하기 좋은 곳
289,인공지능,데이터 분석가를 위한 개발 공부
290,인공지능,인공지능 같이 공부해보자
291,인공지능,공부하는 기계들이 온다
292,인공지능,처음 배우는 인공지능
293,인공지능,머신러닝 공부 시작! 결과는?
294,인공지능,인공지능 관련 분야들
295,인공지능,딥러닝 로드맵
296,인공지능,머신러닝을 위한 로드맵 코스
297,인공지능,AI 공부 도전기
298,인공지능,인공지능시대를 준비하는 나만의 방법
299,인공지능,데이터 분석/인공지능 공부
300,인공지능,인공지능으로 가는 가이드
301,인공지능,머신러닝의 시작점
302,인공지능,인공지능 공부법
303,인공지능,인공지능 나도 만들 수 있다
304,인공지능,데이터사이언스 공부해볼까?
305,데이터베이스,DBA를 향해 달려가보자
306,데이터베이스,데이터베이스관리자로 가는 가이드
307,데이터베이스,데이터베이스 로드맵 따라가기
308,데이터베이스,DB 향상 로드맵
309,데이터베이스,DB 공부방법 찾기
310,데이터베이스,DB 와 SQL 공부 시작
311,데이터베이스,나 혼자 공부한다
312,데이터베이스,SQL을 공부해야 하는 이유와 공부법
313,데이터베이스,DBA 가자 가자 가자구!!
314,데이터베이스,오라클 DBA가 되려면?
315,데이터베이스,MySQL 입문자를 위한
316,데이터베이스,DB 로드맵입니다
317,데이터베이스,데이터베이스 공부해보기
318,데이터베이스,차세대 데이터베이스산업 로드맵
319,데이터베이스,DBA가 되려면 어떻게 준비해야 할까요
320,데이터베이스,어떻게 데이터베이스를 공부할 것인가?
321,데이터베이스,DBA로 가는 가이드
322,데이터베이스,DBA가 되기까지의 여정
323,데이터베이스,데이터베이스 입문
324,데이터베이스,신입 개발자들이 갖춰야할 능력
325,데이터베이스,"DBA(데이터베이스관리자) 준비, 공부방법 알아보자"
326,데이터베이스,SQL study guide
327,데이터베이스,데이터베이스에 대해서 얼마나 알아?
328,데이터베이스,데이터베이스의 모든것
329,데이터베이스,공부 궁합 맞는 공간이 따로 있다
330,데이터베이스,신나는 DB 공부
331,데이터베이스,SQL 공부법
332,데이터베이스,DBA START
333,데이터베이스,난생 처음 DB 접하기
334,데이터베이스,신입 데이터베이스 관리자가 되는 실무 로드맵
335,데이터베이스,데이터베이스 관리자가 되려면 어떻게 해야 하나?
336,데이터베이스,로드맵 따라쟁이들
337,데이터베이스,DBMS부터 공부하자
338,데이터베이스,데이터베이스 공부방법에 대해서
339,데이터베이스,데이터베이스 공부하기
340,데이터베이스,"DBA(데이터베이스관리자) 준비, 공부방법 알아보자"
341,데이터베이스,SQL 공부 시작
342,데이터베이스,데이터베이스 가이드
343,데이터베이스,DB 공부합시다!!
344,데이터베이스,로드맵으로 공부하는 자
345,데이터베이스,"꿈꾸는 개발자, DBA"
346,데이터베이스,SQL 너 도대체 어떻게 공부 하는데
347,데이터베이스,DB (DATA BASE) 공부 순서 및 방향
348,데이터베이스,DBA 같이 준비하자
349,데이터베이스,"개발 실력이 부족한데, DBA가 되려면 어떻게 준비해야 할까요"
350,데이터베이스,ERP 가이드
351,데이터베이스,ERP 정보관리사 함께하는 공부!
352,데이터베이스,데이터베이스 공부의 시작
353,데이터베이스,ERP 같이 공부하자
354,데이터베이스,ERP 어떻게 공부하냐고?
355,데이터베이스,ERP 정보관리사 되려면
356,ERP,ERP 프로그램 구축해보자
357,ERP,ERP 기술들
358,ERP,ERP정보관리사 따자
359,ERP,ERP란 무엇인가 왜 해야하는가
360,ERP,ERP정보관리사 합격자들이 말하는 꿀팁
361,ERP,클라우드 기반 ERP로 비즈니스를 성공시키려면?
362,ERP,ERP란 무엇인가
363,ERP,ERP 시스템에 대해 알아보자
364,ERP,ERP 따기
365,ERP,"ERP 재구성, 혁신의 시작"
366,ERP,ERP 공부 필요할까요?
367,ERP,전사적자원관리가 뭔지 아니?
368,ERP,꿀팁 알려드려요
369,ERP,ERP란 무엇일까? ERP로 비즈니스 효율 높이기
370,ERP,ERP 시스템 로드맵
371,ERP,ERP 로드맵입니다 들어오세요
372,ERP,ERP를 하려면 무엇을 공부해야 할까요?
373,ERP,ERP 로드맵
374,ERP,전사적 자원 관리자 되기
375,ERP,전사적 자원관리에 대해서
376,ERP,경영자에게 도움이 되는 ERP프로그램
377,ERP,ERP정보관리사 합격자
378,ERP,ERP 시작
379,ERP,ERP 공부를 어찌해야할까요
380,ERP,ERP 로드맵입니다.
381,ERP,ERP 공부 알려드립니다
382,ERP,ERP 자격증 관련
383,ERP,ERP 시작해보자
384,ERP,경영에 필요한건? ERP
385,ERP,ERP 자격증 따자
386,ERP,지능형 ERP로 지능형 기업에 더 가까이
387,ERP,ERP 도와드립니다.
388,ERP,내가 팁 알려줄게
389,ERP,자격증 따자
390,ERP,ERP 맛집
391,ERP,ERP 함께하는 공부!
392,ERP,ERP로 비즈니스 효율 높이기
393,ERP,ERP관리자 되기
394,ERP,너도 할 수 있다고
395,ERP,기업에 필요한 ERP
396,ERP,더 나은 ERP 시스템을 위한 5단계
397,ERP,ERP 너도 딸 수 있어
398,ERP,ERP에 대해 알아봅시다
399,ERP,ERP정보관리사에 대해 알려줄게
400,ERP,ERP 원리부터 시작하자
401,ERP,UI UX 디자인을 위한 팁 
402,ERP,입문자를 위한 ERP 가이드
403,ERP,ERP의 길로 들어감
404,ERP,UI 마스터 하자
405,ERP,UX/UI 디자인 기초를 탄탄하게
406,ERP,ERP ROADMAP 공부
407,디자인,모바일 & 웹 UX/UI 디자인 기초를 배우자!
408,디자인,디자인 공부를 시작하는 분
409,디자인,UX디자인의 길로 들어서자
410,디자인,UI 디자인 네비게이션
411,디자인,UI/UX 디자이너가 되기 위한 7단계
412,디자인,웹 디자이너와 UI/UX 디자이너 이야기
413,디자인,내가 바로 UI 마스터
414,디자인,"UI/UX디자이너, 어떻게 시작하지?"
415,디자인,입문자를 위한 UX 가이드
416,디자인,웹 UX/UI 디자인 기초 공부
417,디자인,"UI/UX 잘하고, 더 좋게 만드는 방법은?"
418,디자인,같이 디자인 공부하자
419,디자인,디자인 세계속으로
420,디자인,뚝딱뚝딱 완성 가이드
421,디자인,"UI/UX디자이너, 어떻게 시작하지?"
422,디자인,UI/UX디자인 독학을 위한 웹디자인 해부하기
423,디자인,디자이너의 혼자서 하는 DIY공부법
424,디자인,UI UX 팁 
425,디자인,UI/UX디자인 독학을 위한 웹디자인 해부하기
426,디자인,모바일 UI 디자인을 공부하는 3가지 단계
427,디자인,UI/UX디자인 독학을 위한
428,디자인,독학으로 시작하기
429,디자인,UI/UX 가이드 팁
430,디자인,오래가는 UX 디자인
431,디자인,디자이너가 배워야 하는 것들
432,디자인,디자이너의 길
433,디자인,디자인은 영감이 필요해~
434,디자인,디자인 입문 로드맵
435,디자인,웹 디자이너 되기
436,디자인,디자이너의 혼자서 하는 DIY공부법
437,디자인,UI/UX 멘토들
438,디자인,UI/UX 잘하고 싶다고?
439,디자인,디자인 공부 스타트!!
440,디자인,공부방법 알려드립니다.
441,디자인,디자인 원리부터 알자
442,디자인,UI/UX 디자이너가 되기
443,디자인,UX디자인 공부를 시작하는 분들을 위한 로드맵
444,디자인,웹디자인 공부방법 이것만 보세요
445,디자인,UI/UX 알려줄게
446,디자인,UI 로드맵
447,디자인,디자이너 공부 가이드
448,디자인,좋은 디자이너
449,디자인,디자인 공부 시작해보자
450,디자인,디자인 스터디 시작!!
451,디자인,UI UX 들어와
452,디자인,웹디자인 신입 취준생 방황
453,디자인,좋아하는 것부터 시작
454,디자인,UI 공부 순서
455,디자인,UX/UI 디자인 기초
456,디자인,반드시 알아야 할 기본적인 원칙
457,디자인,웹디자인관련 공부 & 기록
